Roll_No,Name,Email,Gender,Branch,Category,CGPA,Backlogs,Internships,Projects,Score,Placed,Company,Package_LPA
21ME001,Priya Gupta,student001@college.edu,Female,ECE,OBC,9.77,0,1,1,0.8315,1,Amazon,19.9
21CS002,Rahul Reddy,student002@college.edu,Male,CE,OBC,6.47,0,1,1,0.274,0,,0.0
21ME003,Neha Sharma,student003@college.edu,Female,EE,SC,7.57,1,0,2,0.1514,0,,0.0
21CE004,Pooja Gupta,student004@college.edu,Female,CE,OBC,6.32,1,0,0,0.061,0,,0.0
21ME005,Rohan Patel,student005@college.edu,Male,EE,General,6.72,0,2,2,0.5405,0,,0.0
21ME006,Pooja Kumar,student006@college.edu,Female,CE,General,6.87,0,0,3,0.1796,0,,0.0
21EE007,Anjali Kumar,student007@college.edu,Female,EE,OBC,6.44,0,0,1,0.3466,0,,0.0
21EC008,Kavya Gupta,student008@college.edu,Female,CSE,General,6.45,0,0,1,0.2001,0,,0.0
21EC009,Arjun Nair,student009@college.edu,Male,CE,General,7.36,0,2,3,0.9443,1,Capgemini,6.98
21CE010,Aakash Nair,student010@college.edu,Male,ECE,General,6.28,0,1,1,0.8614,1,TCS,5.88
21ME011,Rahul Sharma,student011@college.edu,Male,ME,SC,8.34,1,0,1,0.5761,1,TCS,4.59
21EE012,Priya Singh,student012@college.edu,Female,ME,SC,6.58,0,0,3,0.6791,1,Cognizant,10.15
21CS013,Arjun Reddy,student013@college.edu,Male,EE,OBC,10.0,1,4,1,0.9086,1,Infosys,8.17
21CS014,Pooja Sharma,student014@college.edu,Female,EE,General,7.05,1,1,4,0.8573,1,Capgemini,10.2
21EC015,Karan Singh,student015@college.edu,Male,CSE,General,7.57,0,0,1,0.5367,0,,0.0
21ME016,Vikram Patel,student016@college.edu,Male,CE,General,6.2,0,0,1,0.8172,1,TCS,11.23
21EE017,Aakash Nair,student017@college.edu,Male,CE,General,9.21,0,0,2,0.7161,1,Cognizant,10.5
21ME018,Karan Singh,student018@college.edu,Male,ECE,OBC,8.62,1,0,0,0.7113,1,Meta,31.89
21ME019,Priya Kumar,student019@college.edu,Female,CSE,OBC,7.8,0,2,0,0.0815,0,,0.0
21CS020,Vikram Singh,student020@college.edu,Male,CSE,General,6.15,0,0,2,0.6675,1,Infosys,11.68
21ME021,Kavya Sharma,student021@college.edu,Female,CE,General,7.71,0,1,2,0.8239,1,Wipro,11.57
21ME022,Karan Nair,student022@college.edu,Male,ECE,General,6.38,0,0,1,0.8405,1,Infosys,10.84
21ME023,Neha Sharma,student023@college.edu,Female,EE,SC,8.96,1,0,1,0.456,0,,0.0
21CE024,Anjali Sharma,student024@college.edu,Female,ECE,OBC,8.31,0,0,0,0.2053,0,,0.0
21ME025,Pooja Singh,student025@college.edu,Female,EE,General,7.6,0,0,3,0.4418,0,,0.0
21CS026,Rahul Reddy,student026@college.edu,Male,ECE,SC,5.06,2,3,3,0.5926,1,Infosys,10.24
21CS027,Aakash Singh,student027@college.edu,Male,CE,General,6.52,0,2,1,0.6052,1,Infosys,11.12
21CS028,Arjun Sharma,student028@college.edu,Male,CSE,General,8.19,0,1,0,0.7169,1,Capgemini,6.77
21CE029,Aakash Singh,student029@college.edu,Male,ME,ST,8.71,0,1,3,0.5721,1,TCS,8.94
21EE030,Pooja Patel,student030@college.edu,Female,CE,General,8.61,0,1,2,0.399,0,,0.0
21EE031,Riya Sharma,student031@college.edu,Female,EE,General,5.91,0,0,1,0.9108,1,Wipro,9.77
21EC032,Riya Gupta,student032@college.edu,Female,CE,OBC,7.8,0,0,5,0.5247,0,,0.0
21CS033,Rahul Sharma,student033@college.edu,Male,CSE,General,8.52,0,1,1,0.3778,0,,0.0
21CE034,Rahul Singh,student034@college.edu,Male,ECE,OBC,5.84,0,0,0,0.7535,1,Cognizant,10.94
21CS035,Aakash Reddy,student035@college.edu,Male,CSE,General,7.49,0,0,3,0.8308,1,Cognizant,9.63
21CE036,Aakash Kumar,student036@college.edu,Male,CSE,General,7.77,0,3,2,0.9048,1,Wipro,5.02
21EC037,Aakash Patel,student037@college.edu,Male,ME,General,7.2,0,0,1,0.7808,1,Cognizant,11.58
21EE038,Aakash Singh,student038@college.edu,Male,CE,General,5.65,1,1,3,0.5965,1,TCS,8.22
21CE039,Arjun Patel,student039@college.edu,Male,CE,General,7.17,0,2,1,0.551,1,TCS,4.27
21CE040,Anjali Nair,student040@college.edu,Female,EE,General,7.17,0,2,3,0.7488,1,Wipro,6.82
21ME041,Karan Patel,student041@college.edu,Male,CE,SC,7.35,0,1,5,0.9297,1,Wipro,4.19
21EE042,Riya Patel,student042@college.edu,Female,CE,General,6.94,0,1,3,0.3842,0,,0.0
21ME043,Priya Gupta,student043@college.edu,Female,CSE,General,7.06,0,0,2,0.2364,0,,0.0
21CE044,Rohan Patel,student044@college.edu,Male,CSE,General,7.46,1,1,2,0.5624,1,Wipro,9.72
21EC045,Kavya Patel,student045@college.edu,Female,ME,General,7.94,0,0,1,0.916,1,Capgemini,4.98
21ME046,Kavya Sharma,student046@college.edu,Female,EE,General,7.2,0,1,4,0.6809,1,Wipro,5.02
21EE047,Vikram Reddy,student047@college.edu,Male,CSE,OBC,7.09,0,1,2,0.8319,1,Capgemini,4.67
21EC048,Aakash Reddy,student048@college.edu,Male,ECE,General,7.59,0,0,0,0.5219,0,,0.0
21CS049,Kavya Reddy,student049@college.edu,Female,ME,SC,5.58,1,0,2,0.1339,0,,0.0
21EC050,Vikram Kumar,student050@college.edu,Male,CSE,ST,7.98,0,2,3,0.5755,1,Infosys,8.59
21EC051,Rohan Singh,student051@college.edu,Male,ECE,General,7.5,0,2,1,0.704,1,TCS,10.12
21ME052,Rohan Nair,student052@college.edu,Male,EE,General,7.54,0,3,0,0.6769,1,TCS,10.38
21CS053,Kavya Kumar,student053@college.edu,Female,ME,General,8.46,1,1,1,0.8301,1,Wipro,8.53
21CS054,Kavya Kumar,student054@college.edu,Female,CSE,OBC,5.55,0,0,2,0.2473,0,,0.0
21EC055,Anjali Kumar,student055@college.edu,Female,EE,General,5.53,0,1,0,0.639,1,Capgemini,11.8
21ME056,Anjali Singh,student056@college.edu,Female,ECE,SC,7.77,0,0,4,0.7613,1,Capgemini,6.82
21CS057,Arjun Patel,student057@college.edu,Male,EE,SC,7.49,0,0,2,0.5662,1,TCS,4.65
21EC058,Arjun Singh,student058@college.edu,Male,CSE,SC,7.67,0,0,2,0.6357,1,TCS,8.58
21EC059,Aakash Sharma,student059@college.edu,Male,ME,General,7.04,0,2,3,0.8547,1,Infosys,5.07
21CS060,Karan Gupta,student060@college.edu,Male,ECE,ST,8.16,1,0,2,0.4334,0,,0.0
21EC061,Pooja Sharma,student061@college.edu,Female,CSE,General,8.43,0,1,1,0.8606,1,Wipro,11.0
21EC062,Aakash Sharma,student062@college.edu,Male,EE,General,7.98,0,2,0,0.607,1,TCS,5.65
21CS063,Aakash Nair,student063@college.edu,Male,CSE,General,7.24,0,2,3,0.7704,1,Cognizant,5.26
21CE064,Priya Reddy,student064@college.edu,Female,CSE,ST,5.39,1,1,3,0.7191,1,Wipro,6.79
21CS065,Rahul Gupta,student065@college.edu,Male,ECE,OBC,8.27,1,0,0,0.9466,1,Infosys,10.75
21ME066,Arjun Singh,student066@college.edu,Male,CE,SC,8.72,0,1,1,0.8116,1,Wipro,4.07
21CE067,Aakash Gupta,student067@college.edu,Male,CE,General,8.14,0,0,2,0.9241,1,Wipro,7.52
21EE068,Aakash Nair,student068@college.edu,Male,EE,ST,6.62,1,2,2,0.6081,1,Infosys,6.95
21ME069,Arjun Reddy,student069@college.edu,Male,CSE,General,8.17,0,0,3,0.7303,1,TCS,6.93
21ME070,Karan Reddy,student070@college.edu,Male,ECE,General,8.36,2,0,1,0.8586,1,Wipro,8.17
21CE071,Rohan Gupta,student071@college.edu,Male,CSE,ST,9.06,0,1,2,0.1473,0,,0.0
21EE072,Arjun Singh,student072@college.edu,Male,ME,General,6.62,0,3,2,0.803,1,Capgemini,10.94
21EC073,Priya Reddy,student073@college.edu,Female,EE,General,7.27,1,0,2,0.2247,0,,0.0
21CE074,Karan Nair,student074@college.edu,Male,CE,OBC,8.25,0,0,2,0.9468,1,Infosys,10.08
21ME075,Vikram Singh,student075@college.edu,Male,ME,General,7.56,0,1,0,0.6195,1,TCS,3.69
21CS076,Karan Singh,student076@college.edu,Male,ECE,General,6.38,2,0,1,0.9241,1,Cognizant,10.98
21CE077,Rohan Singh,student077@college.edu,Male,EE,General,7.91,0,0,6,0.7106,1,Infosys,9.37
21EE078,Kavya Singh,student078@college.edu,Female,ECE,General,8.08,2,0,3,0.1835,0,,0.0
21CS079,Aakash Nair,student079@college.edu,Male,CSE,SC,7.59,0,1,2,0.7614,1,Capgemini,7.67
21CS080,Pooja Reddy,student080@college.edu,Female,ECE,OBC,7.72,0,3,2,0.6561,1,TCS,9.64
21EE081,Pooja Singh,student081@college.edu,Female,CSE,General,7.24,0,2,1,0.4238,0,,0.0
21ME082,Arjun Singh,student082@college.edu,Male,CSE,General,8.98,0,1,5,0.9146,1,Microsoft,26.88
21EC083,Riya Gupta,student083@college.edu,Female,CSE,General,6.6,0,0,2,0.2107,0,,0.0
21CE084,Rahul Sharma,student084@college.edu,Male,ECE,OBC,6.91,0,0,0,0.2863,0,,0.0
21EC085,Arjun Gupta,student085@college.edu,Male,ME,ST,7.51,1,0,4,0.3466,0,,0.0
21EC086,Vikram Kumar,student086@college.edu,Male,ECE,ST,8.38,0,0,1,0.7307,1,Cognizant,3.71
21EC087,Pooja Reddy,student087@college.edu,Female,ECE,General,6.0,0,2,1,0.8903,1,TCS,4.8
21ME088,Rohan Patel,student088@college.edu,Male,EE,General,6.19,0,1,2,0.5595,1,Wipro,3.91
21CS089,Rahul Kumar,student089@college.edu,Male,CE,General,5.46,0,1,3,0.8838,1,Infosys,10.1
21EC090,Rahul Kumar,student090@college.edu,Male,ME,OBC,7.53,0,0,3,0.7489,1,Wipro,3.81
21EC091,Rahul Patel,student091@college.edu,Male,CSE,General,6.38,0,1,1,0.8193,1,Infosys,9.5
21CS092,Kavya Reddy,student092@college.edu,Female,EE,OBC,7.12,0,2,2,0.6996,1,Capgemini,9.89
21CE093,Rohan Reddy,student093@college.edu,Male,CSE,OBC,8.16,1,1,1,0.6974,1,Infosys,6.85
21CS094,Rahul Kumar,student094@college.edu,Male,ECE,General,6.86,2,0,2,0.5627,1,Infosys,4.52
21EE095,Aakash Sharma,student095@college.edu,Male,EE,General,7.73,0,0,1,0.7195,1,Wipro,6.07
21CS096,Arjun Patel,student096@college.edu,Male,ME,General,7.2,0,0,0,0.2796,0,,0.0
21EC097,Karan Gupta,student097@college.edu,Male,CE,General,8.17,0,1,1,0.6399,1,Infosys,6.22
21CS098,Rohan Sharma,student098@college.edu,Male,ME,General,7.98,0,1,3,0.6489,1,Cognizant,5.1
21EC099,Rahul Singh,student099@college.edu,Male,ME,OBC,6.81,0,2,2,0.7837,1,TCS,11.16
21CE100,Neha Kumar,student100@college.edu,Female,CSE,General,7.33,1,0,1,0.3868,0,,0.0
21CS101,Pooja Patel,student101@college.edu,Female,CSE,General,8.54,1,1,0,0.8821,1,Google,22.82
21ME102,Riya Gupta,student102@college.edu,Female,ECE,OBC,7.89,0,0,3,0.5946,1,Capgemini,11.55
21CE103,Arjun Nair,student103@college.edu,Male,CSE,SC,6.1,0,0,1,0.7811,1,Capgemini,6.96
21ME104,Priya Gupta,student104@college.edu,Female,EE,General,8.16,0,2,3,0.614,1,Infosys,10.41
21CS105,Neha Gupta,student105@college.edu,Female,CSE,SC,6.42,0,2,3,0.7613,1,Cognizant,5.49
21CE106,Anjali Gupta,student106@college.edu,Female,ME,ST,8.91,0,1,2,0.1596,0,,0.0
21CS107,Vikram Patel,student107@college.edu,Male,CE,OBC,8.52,0,1,1,0.8069,1,Wipro,6.63
21CS108,Aakash Patel,student108@college.edu,Male,CE,OBC,7.79,0,0,2,0.721,1,Infosys,8.78
21ME109,Arjun Reddy,student109@college.edu,Male,ECE,General,7.66,0,3,0,0.7538,1,Wipro,6.95
21EC110,Neha Singh,student110@college.edu,Female,ECE,ST,7.29,1,3,0,0.3959,0,,0.0
21CS111,Rahul Singh,student111@college.edu,Male,EE,General,8.18,0,2,0,0.7352,1,Capgemini,5.74
21CE112,Arjun Sharma,student112@college.edu,Male,ME,ST,7.13,0,1,2,0.6992,1,Wipro,8.05
21ME113,Rahul Kumar,student113@college.edu,Male,CE,OBC,7.74,0,0,4,0.8165,1,Cognizant,10.87
21EE114,Karan Sharma,student114@college.edu,Male,EE,General,8.37,0,2,3,0.4974,0,,0.0
21ME115,Vikram Kumar,student115@college.edu,Male,CE,General,6.94,0,2,3,0.8617,1,Infosys,9.85
21ME116,Neha Singh,student116@college.edu,Female,CSE,OBC,6.88,1,0,2,0.0655,0,,0.0
21EE117,Pooja Reddy,student117@college.edu,Female,ME,OBC,6.31,0,2,4,0.2042,0,,0.0
21CS118,Riya Patel,student118@college.edu,Female,CSE,General,6.44,0,3,1,0.1524,0,,0.0
21EC119,Aakash Patel,student119@college.edu,Male,ME,OBC,5.67,0,2,1,0.3236,0,,0.0
21CE120,Karan Gupta,student120@college.edu,Male,EE,SC,8.23,0,1,1,0.766,1,Wipro,9.85
21EC121,Vikram Reddy,student121@college.edu,Male,ECE,General,9.31,0,1,2,0.8824,1,Microsoft,18.1
21EE122,Vikram Patel,student122@college.edu,Male,ECE,General,8.93,0,1,3,0.8576,1,Google,24.16
21EC123,Karan Gupta,student123@college.edu,Male,CSE,General,5.87,0,0,2,0.7251,1,Infosys,7.49
21ME124,Vikram Gupta,student124@college.edu,Male,EE,SC,8.22,1,0,1,0.6284,1,Infosys,11.68
21EE125,Arjun Patel,student125@college.edu,Male,CSE,General,8.92,0,2,2,0.8954,1,Amazon,23.32
21EC126,Aakash Gupta,student126@college.edu,Male,CSE,SC,7.04,0,2,0,0.0817,0,,0.0
21EE127,Rahul Patel,student127@college.edu,Male,CSE,General,7.6,0,1,2,0.5193,0,,0.0
21CS128,Karan Gupta,student128@college.edu,Male,CSE,OBC,5.49,0,0,2,0.8926,1,Capgemini,8.69
21EC129,Karan Sharma,student129@college.edu,Male,ECE,General,7.77,0,1,2,0.1571,0,,0.0
21ME130,Arjun Gupta,student130@college.edu,Male,ECE,General,6.44,1,4,3,0.5972,1,Infosys,5.89
21ME131,Rahul Singh,student131@college.edu,Male,ECE,SC,7.7,0,1,0,0.6564,1,TCS,11.67
21EE132,Anjali Gupta,student132@college.edu,Female,CSE,General,5.94,1,0,1,0.4507,0,,0.0
21EE133,Vikram Gupta,student133@college.edu,Male,CSE,General,8.04,0,1,2,0.6108,1,TCS,10.38
21CE134,Vikram Nair,student134@college.edu,Male,ECE,ST,8.52,0,0,0,0.812,1,Microsoft,21.05
21CE135,Arjun Gupta,student135@college.edu,Male,CSE,ST,6.72,0,0,0,0.7253,1,Cognizant,3.65
21EC136,Arjun Kumar,student136@college.edu,Male,ME,SC,6.36,1,1,3,0.6838,1,Wipro,11.44
21EE137,Kavya Patel,student137@college.edu,Female,CSE,General,5.34,1,0,1,0.3423,0,,0.0
21CE138,Vikram Singh,student138@college.edu,Male,ECE,OBC,7.23,1,0,3,0.8793,1,Wipro,4.68
21CS139,Priya Sharma,student139@college.edu,Female,ECE,SC,6.92,0,0,2,0.3925,0,,0.0
21EE140,Karan Singh,student140@college.edu,Male,ECE,General,5.95,0,1,4,0.8454,1,TCS,4.09
21EC141,Rohan Reddy,student141@college.edu,Male,CSE,General,7.95,0,2,1,0.7261,1,TCS,10.0
21ME142,Rahul Kumar,student142@college.edu,Male,CSE,SC,7.05,0,2,2,0.5867,1,Cognizant,9.41
21ME143,Neha Gupta,student143@college.edu,Female,EE,General,6.42,0,0,3,0.7262,1,Capgemini,3.95
21EE144,Arjun Reddy,student144@college.edu,Male,CSE,OBC,6.95,0,0,1,0.7531,1,Cognizant,7.31
21EC145,Rahul Patel,student145@college.edu,Male,ECE,ST,8.57,0,4,0,0.7331,1,Amazon,20.21
21EC146,Vikram Sharma,student146@college.edu,Male,ECE,OBC,8.1,1,1,1,0.8765,1,Infosys,7.76
21CS147,Aakash Kumar,student147@college.edu,Male,ECE,General,7.37,0,1,2,0.9143,1,Infosys,6.3
21EC148,Rahul Patel,student148@college.edu,Male,ECE,General,8.12,0,0,6,0.466,0,,0.0
21CS149,Karan Sharma,student149@college.edu,Male,CE,General,6.34,0,3,1,0.7831,1,TCS,7.54
21ME150,Aakash Nair,student150@college.edu,Male,CE,General,7.53,1,0,1,0.7666,1,Cognizant,6.66
21EE151,Pooja Nair,student151@college.edu,Female,CSE,SC,7.65,0,2,2,0.1204,0,,0.0
21ME152,Neha Reddy,student152@college.edu,Female,ECE,SC,7.03,2,1,1,0.0616,0,,0.0
21EE153,Aakash Singh,student153@college.edu,Male,CSE,General,7.94,0,1,3,0.8747,1,Infosys,9.03
21EE154,Aakash Kumar,student154@college.edu,Male,ECE,General,6.72,0,4,1,0.8927,1,Capgemini,3.52
21CS155,Aakash Patel,student155@college.edu,Male,ME,SC,8.01,1,2,3,0.6569,1,Capgemini,5.57
21ME156,Neha Gupta,student156@college.edu,Female,CSE,General,8.05,0,2,3,0.4538,0,,0.0
21ME157,Aakash Singh,student157@college.edu,Male,ECE,General,4.58,0,1,4,0.8895,1,Capgemini,6.69
21EC158,Anjali Nair,student158@college.edu,Female,EE,General,8.69,0,1,1,0.3127,0,,0.0
21EE159,Pooja Nair,student159@college.edu,Female,CSE,OBC,4.45,0,0,3,0.4481,0,,0.0
21EC160,Riya Reddy,student160@college.edu,Female,ECE,General,6.88,0,2,3,0.3873,0,,0.0
21CS161,Rohan Sharma,student161@college.edu,Male,CE,OBC,8.53,1,3,1,0.1078,0,,0.0
21ME162,Riya Gupta,student162@college.edu,Female,CSE,General,7.18,0,1,3,0.6891,1,Infosys,8.24
21EC163,Rohan Patel,student163@college.edu,Male,CSE,OBC,6.03,1,1,4,0.7762,1,Capgemini,6.63
21EC164,Rahul Nair,student164@college.edu,Male,CSE,General,6.41,0,2,0,0.6906,1,TCS,7.8
21ME165,Vikram Sharma,student165@college.edu,Male,EE,General,8.53,0,2,0,0.9268,1,TCS,6.21
21CE166,Karan Sharma,student166@college.edu,Male,CSE,General,5.58,1,0,2,0.6519,1,Capgemini,8.04
21EC167,Neha Reddy,student167@college.edu,Female,CSE,General,8.63,3,4,1,0.2364,0,,0.0
21EC168,Kavya Gupta,student168@college.edu,Female,CSE,General,7.44,1,0,1,0.3268,0,,0.0
21CS169,Vikram Kumar,student169@college.edu,Male,CSE,General,6.31,0,2,1,0.5515,1,Cognizant,10.86
21EC170,Anjali Sharma,student170@college.edu,Female,ME,General,6.92,0,1,1,0.1098,0,,0.0
21ME171,Rahul Kumar,student171@college.edu,Male,CSE,General,6.48,0,1,2,0.701,1,Cognizant,10.53
21CE172,Vikram Sharma,student172@college.edu,Male,ME,ST,8.37,0,1,0,0.9411,1,Infosys,3.98
21EC173,Aakash Sharma,student173@college.edu,Male,ME,General,8.23,0,0,0,0.8266,1,TCS,4.16
21CS174,Kavya Gupta,student174@college.edu,Female,CE,SC,5.78,0,2,3,0.261,0,,0.0
21ME175,Rahul Patel,student175@college.edu,Male,CSE,ST,7.1,0,0,2,0.5871,1,Infosys,3.77
21CE176,Karan Reddy,student176@college.edu,Male,EE,General,6.64,1,1,3,0.5853,1,TCS,9.59
21CS177,Rohan Sharma,student177@college.edu,Male,ME,OBC,8.79,0,2,1,0.931,1,Cognizant,8.81
21ME178,Priya Sharma,student178@college.edu,Female,CSE,SC,6.15,0,1,2,0.8236,1,Capgemini,8.34
21CS179,Neha Kumar,student179@college.edu,Female,CE,OBC,9.1,0,0,2,0.721,1,Wipro,8.93
21ME180,Pooja Patel,student180@college.edu,Female,EE,General,7.47,0,3,2,0.6302,1,Cognizant,8.57
21CE181,Pooja Reddy,student181@college.edu,Female,CSE,General,6.34,1,0,2,0.4682,0,,0.0
21CE182,Anjali Kumar,student182@college.edu,Female,EE,General,6.82,0,1,1,0.2546,0,,0.0
21CE183,Vikram Sharma,student183@college.edu,Male,ECE,General,6.7,1,1,4,0.8327,1,Cognizant,9.86
21CE184,Vikram Kumar,student184@college.edu,Male,ME,ST,6.23,1,3,3,0.8553,1,Wipro,11.8
21EC185,Kavya Patel,student185@college.edu,Female,EE,ST,7.59,1,1,1,0.6679,1,Infosys,3.77
21EE186,Kavya Singh,student186@college.edu,Female,ECE,General,6.27,1,3,2,0.1042,0,,0.0
21EC187,Vikram Sharma,student187@college.edu,Male,CE,OBC,5.32,2,1,1,0.6392,1,TCS,11.0
21EC188,Arjun Kumar,student188@college.edu,Male,ECE,General,7.12,1,2,3,0.7016,1,Infosys,5.03
21CE189,Anjali Gupta,student189@college.edu,Female,CE,ST,5.7,0,3,2,0.9361,1,Cognizant,6.61
21EC190,Rohan Gupta,student190@college.edu,Male,ME,General,6.75,1,1,2,0.8273,1,TCS,7.14
21CS191,Anjali Nair,student191@college.edu,Female,CSE,ST,6.59,0,1,2,0.8886,1,Cognizant,10.61
21CE192,Aakash Singh,student192@college.edu,Male,ECE,SC,6.63,0,0,3,0.7662,1,Cognizant,7.44
21CE193,Vikram Nair,student193@college.edu,Male,ECE,General,9.5,0,1,5,0.6456,1,Google,26.99
21ME194,Pooja Kumar,student194@college.edu,Female,CSE,General,7.56,1,1,1,0.3845,0,,0.0
21CS195,Arjun Nair,student195@college.edu,Male,CSE,SC,7.75,0,0,3,0.7502,1,Cognizant,10.93
21CE196,Arjun Nair,student196@college.edu,Male,ECE,General,5.72,0,1,2,0.6207,1,TCS,7.66
21CS197,Arjun Nair,student197@college.edu,Male,CSE,General,6.85,0,2,3,0.715,1,Infosys,3.75
21ME198,Pooja Sharma,student198@college.edu,Female,CSE,ST,7.72,1,3,1,0.0804,0,,0.0
21ME199,Rahul Kumar,student199@college.edu,Male,CE,OBC,6.48,0,2,3,0.32,0,,0.0
21CE200,Aakash Kumar,student200@college.edu,Male,CE,General,8.41,0,1,1,0.6473,1,Capgemini,9.5
21EE201,Riya Reddy,student201@college.edu,Female,CE,General,6.3,0,1,5,0.4284,0,,0.0
21CS202,Kavya Patel,student202@college.edu,Female,ECE,General,7.21,0,0,2,0.5413,0,,0.0
21CS203,Vikram Nair,student203@college.edu,Male,EE,ST,6.91,0,4,3,0.6585,1,TCS,4.51
21ME204,Rohan Patel,student204@college.edu,Male,ME,General,7.66,0,0,2,0.628,1,Cognizant,9.42
21EE205,Arjun Gupta,student205@college.edu,Male,CSE,General,6.86,0,0,2,0.8717,1,Wipro,3.77
21CS206,Arjun Gupta,student206@college.edu,Male,CSE,General,7.23,0,1,1,0.6917,1,Capgemini,9.32
21ME207,Karan Patel,student207@college.edu,Male,ME,ST,7.26,0,1,1,0.4671,0,,0.0
21ME208,Neha Kumar,student208@college.edu,Female,CSE,General,6.77,0,0,0,0.5162,0,,0.0
21EC209,Arjun Sharma,student209@college.edu,Male,ECE,SC,7.99,1,0,1,0.8244,1,Wipro,11.06
21CE210,Rahul Reddy,student210@college.edu,Male,EE,OBC,7.74,0,0,0,0.8624,1,TCS,11.78
21EC211,Neha Kumar,student211@college.edu,Female,CSE,SC,7.41,1,0,2,0.6858,1,Infosys,10.68
21ME212,Rahul Singh,student212@college.edu,Male,CSE,ST,7.07,0,1,3,0.928,1,Infosys,6.83
21EE213,Rahul Reddy,student213@college.edu,Male,EE,SC,8.3,0,2,1,0.5622,1,Capgemini,9.54
21EC214,Riya Patel,student214@college.edu,Female,ME,ST,7.26,0,1,4,0.3929,0,,0.0
21CS215,Anjali Kumar,student215@college.edu,Female,CSE,General,7.19,0,0,1,0.3001,0,,0.0
21EE216,Priya Nair,student216@college.edu,Female,EE,SC,7.6,0,0,2,0.3685,0,,0.0
21EC217,Arjun Patel,student217@college.edu,Male,EE,General,9.2,0,2,1,0.6503,1,Cognizant,6.08
21CE218,Rahul Reddy,student218@college.edu,Male,ME,General,6.16,0,2,0,0.7716,1,Cognizant,11.94
21CE219,Priya Gupta,student219@college.edu,Female,ME,SC,8.27,0,2,3,0.6774,1,Capgemini,7.63
21ME220,Rahul Gupta,student220@college.edu,Male,CSE,ST,5.61,1,1,1,0.7716,1,Cognizant,9.64
21CS221,Vikram Reddy,student221@college.edu,Male,CSE,OBC,7.72,3,0,2,0.4784,0,,0.0
21EE222,Arjun Gupta,student222@college.edu,Male,ME,General,9.08,1,2,2,0.9391,1,Infosys,9.97
21CE223,Pooja Reddy,student223@college.edu,Female,CSE,General,7.99,0,1,1,0.7323,1,Wipro,10.53
21ME224,Riya Patel,student224@college.edu,Female,ME,General,7.67,1,1,4,0.8093,1,Cognizant,4.17
21EE225,Aakash Singh,student225@college.edu,Male,CE,General,6.94,0,2,1,0.7812,1,TCS,6.36
21CE226,Kavya Nair,student226@college.edu,Female,CSE,General,7.53,0,0,2,0.3779,0,,0.0
21CE227,Aakash Sharma,student227@college.edu,Male,ME,General,7.25,1,1,2,0.6512,1,Wipro,6.89
21CS228,Karan Reddy,student228@college.edu,Male,CSE,General,6.71,0,0,5,0.9451,1,Cognizant,11.04
21CE229,Vikram Patel,student229@college.edu,Male,EE,SC,7.21,1,1,3,0.6327,1,Infosys,5.96
21EC230,Arjun Kumar,student230@college.edu,Male,CSE,General,7.7,0,1,1,0.8661,1,Wipro,11.16
21CS231,Rohan Reddy,student231@college.edu,Male,ME,ST,6.73,0,1,0,0.6086,1,Infosys,6.56
21EC232,Aakash Singh,student232@college.edu,Male,ME,OBC,6.69,1,0,1,0.8717,1,Wipro,3.88
21CS233,Priya Patel,student233@college.edu,Female,ECE,General,6.14,0,0,2,0.3462,0,,0.0
21CS234,Vikram Gupta,student234@college.edu,Male,ME,General,7.89,0,0,3,0.9369,1,Cognizant,4.68
21CE235,Priya Nair,student235@college.edu,Female,CE,General,8.05,1,0,1,0.8244,1,TCS,6.6
21ME236,Anjali Gupta,student236@college.edu,Female,ME,ST,7.73,0,0,1,0.586,1,Capgemini,6.11
21EC237,Vikram Gupta,student237@college.edu,Male,CE,General,8.47,1,0,2,0.8273,1,Capgemini,4.06
21CS238,Riya Kumar,student238@college.edu,Female,EE,General,7.59,0,1,1,0.4315,0,,0.0
21CE239,Arjun Singh,student239@college.edu,Male,ECE,ST,7.89,0,0,2,0.685,1,Wipro,6.97
21CE240,Aakash Singh,student240@college.edu,Male,ECE,ST,7.8,1,0,1,0.6543,1,Infosys,11.93
21ME241,Pooja Singh,student241@college.edu,Female,CSE,General,7.41,0,3,2,0.4493,0,,0.0
21CS242,Neha Patel,student242@college.edu,Female,CE,General,6.97,0,1,2,0.8465,1,Capgemini,4.26
21CS243,Karan Reddy,student243@college.edu,Male,ME,General,9.71,0,0,1,0.6809,1,Infosys,8.44
21CS244,Karan Nair,student244@college.edu,Male,ECE,General,7.05,1,1,1,0.9005,1,TCS,10.19
21CS245,Arjun Nair,student245@college.edu,Male,CSE,General,6.83,0,0,3,0.6575,1,Cognizant,10.61
21EE246,Priya Nair,student246@college.edu,Female,EE,OBC,7.93,1,1,2,0.2107,0,,0.0
21EC247,Vikram Gupta,student247@college.edu,Male,ECE,ST,7.75,0,0,2,0.2564,0,,0.0
21CE248,Vikram Patel,student248@college.edu,Male,ME,General,6.1,0,2,2,0.5928,1,Infosys,8.91
21EE249,Arjun Reddy,student249@college.edu,Male,CSE,OBC,8.62,0,1,1,0.061,0,,0.0
21EE250,Arjun Nair,student250@college.edu,Male,EE,General,7.41,0,0,1,0.267,0,,0.0
21EC251,Neha Kumar,student251@college.edu,Female,CSE,SC,6.39,0,1,2,0.6645,1,Cognizant,11.96
21ME252,Pooja Gupta,student252@college.edu,Female,CSE,OBC,8.69,0,1,3,0.1052,0,,0.0
21ME253,Rohan Reddy,student253@college.edu,Male,EE,SC,8.13,0,0,2,0.8313,1,TCS,10.6
21CS254,Arjun Kumar,student254@college.edu,Male,EE,ST,6.24,0,0,2,0.7688,1,TCS,10.78
21CE255,Karan Nair,student255@college.edu,Male,CSE,General,9.28,0,0,6,0.8859,1,Amazon,24.69
21ME256,Priya Kumar,student256@college.edu,Female,ECE,General,8.16,0,2,1,0.1265,0,,0.0
21EC257,Neha Gupta,student257@college.edu,Female,CE,General,7.49,1,0,3,0.537,0,,0.0
21ME258,Rohan Patel,student258@college.edu,Male,EE,General,9.09,1,1,2,0.6545,1,Cognizant,10.2
21CE259,Arjun Gupta,student259@college.edu,Male,ECE,ST,7.66,1,2,1,0.8668,1,Infosys,8.63
21CS260,Vikram Singh,student260@college.edu,Male,ECE,General,7.47,0,0,2,0.6287,1,TCS,6.55
21CE261,Vikram Nair,student261@college.edu,Male,CE,SC,6.84,0,0,3,0.4963,0,,0.0
21EE262,Priya Gupta,student262@college.edu,Female,CE,General,8.08,0,0,2,0.3779,0,,0.0
21CE263,Arjun Gupta,student263@college.edu,Male,CE,General,7.98,0,2,2,0.8465,1,Infosys,9.24
21CE264,Karan Singh,student264@college.edu,Male,ME,General,7.51,0,2,0,0.7951,1,Wipro,6.45
21CS265,Priya Reddy,student265@college.edu,Female,CSE,OBC,6.71,1,0,1,0.3778,0,,0.0
21CE266,Arjun Gupta,student266@college.edu,Male,EE,OBC,7.63,1,0,3,0.6009,1,Capgemini,6.23
21CE267,Vikram Sharma,student267@college.edu,Male,EE,General,7.43,1,1,1,0.75,1,Infosys,9.14
21ME268,Arjun Nair,student268@college.edu,Male,CE,General,6.17,0,4,2,0.8485,1,TCS,9.8
21ME269,Arjun Singh,student269@college.edu,Male,CSE,OBC,6.03,0,4,0,0.7356,1,Capgemini,4.58
21CE270,Karan Gupta,student270@college.edu,Male,CSE,General,8.07,0,1,2,0.5569,1,Infosys,9.35
21CS271,Aakash Patel,student271@college.edu,Male,CE,ST,4.9,1,1,3,0.6237,1,Cognizant,3.76
21EC272,Vikram Gupta,student272@college.edu,Male,CSE,General,7.71,0,3,4,0.7855,1,Cognizant,7.47
21CE273,Rahul Reddy,student273@college.edu,Male,EE,General,7.02,0,4,1,0.8277,1,Infosys,6.57
21EE274,Vikram Nair,student274@college.edu,Male,ECE,General,8.81,1,1,1,0.2741,0,,0.0
21EC275,Anjali Sharma,student275@college.edu,Female,CE,General,7.01,0,1,0,0.4509,0,,0.0
21ME276,Aakash Nair,student276@college.edu,Male,EE,General,8.16,2,2,0,0.6545,1,Cognizant,5.26
21EE277,Aakash Reddy,student277@college.edu,Male,ECE,General,7.1,1,0,2,0.5834,1,TCS,3.71
21CS278,Arjun Patel,student278@college.edu,Male,ECE,ST,7.61,0,0,3,0.7668,1,TCS,5.76
21EC279,Pooja Patel,student279@college.edu,Female,ME,General,8.24,1,2,3,0.1659,0,,0.0
21CS280,Neha Singh,student280@college.edu,Female,ME,General,7.04,0,1,1,0.8093,1,TCS,10.47
21EC281,Rohan Nair,student281@college.edu,Male,ECE,General,8.5,0,1,3,0.8609,1,TCS,7.11
21CE282,Aakash Singh,student282@college.edu,Male,ME,General,6.51,0,0,0,0.9382,1,Wipro,9.13
21EC283,Rohan Gupta,student283@college.edu,Male,EE,OBC,7.79,0,0,1,0.9294,1,TCS,4.62
21EE284,Karan Reddy,student284@college.edu,Male,ECE,General,8.42,0,1,1,0.6593,1,Wipro,5.39
21EE285,Rahul Nair,student285@college.edu,Male,CSE,OBC,8.16,0,1,3,0.5618,1,TCS,8.6
21EE286,Vikram Reddy,student286@college.edu,Male,ECE,General,9.42,0,0,0,0.6818,1,Google,24.46
21CE287,Vikram Kumar,student287@college.edu,Male,ECE,ST,6.74,0,0,1,0.8334,1,TCS,8.23
21CE288,Karan Patel,student288@college.edu,Male,CSE,General,6.12,0,0,1,0.4368,0,,0.0
21ME289,Aakash Nair,student289@college.edu,Male,CSE,SC,6.51,0,1,4,0.4691,0,,0.0
21EE290,Karan Patel,student290@college.edu,Male,ME,General,8.16,0,1,0,0.6692,1,Infosys,11.75
21CS291,Priya Sharma,student291@college.edu,Female,ECE,General,8.0,0,0,4,0.6377,1,Infosys,7.92
21CE292,Arjun Nair,student292@college.edu,Male,EE,SC,7.6,1,0,2,0.8325,1,Infosys,7.58
21CS293,Neha Patel,student293@college.edu,Female,CSE,OBC,6.38,1,0,1,0.8136,1,Infosys,9.71
21EC294,Vikram Sharma,student294@college.edu,Male,CSE,SC,8.27,0,2,1,0.7642,1,Capgemini,9.7
21EC295,Pooja Reddy,student295@college.edu,Female,CE,General,6.28,2,4,0,0.9143,1,Infosys,7.32
21CE296,Riya Singh,student296@college.edu,Female,EE,OBC,8.66,0,2,0,0.2521,0,,0.0
21CE297,Anjali Sharma,student297@college.edu,Female,CSE,SC,10.0,0,1,1,0.6099,1,Google,29.36
21CS298,Neha Reddy,student298@college.edu,Female,CSE,OBC,7.87,0,2,0,0.3526,0,,0.0
21CE299,Priya Kumar,student299@college.edu,Female,CSE,General,8.08,2,2,1,0.3134,0,,0.0
21EC300,Vikram Kumar,student300@college.edu,Male,ME,OBC,7.01,0,3,4,0.7836,1,Cognizant,11.87
21CS301,Neha Patel,student301@college.edu,Female,ECE,OBC,5.69,0,0,0,0.5796,1,Infosys,6.6
21ME302,Rahul Gupta,student302@college.edu,Male,CSE,ST,6.9,0,1,1,0.3283,0,,0.0
21ME303,Karan Kumar,student303@college.edu,Male,CSE,General,6.41,0,0,0,0.672,1,Capgemini,7.53
21EC304,Arjun Patel,student304@college.edu,Male,ECE,General,6.05,0,0,1,0.6936,1,Wipro,7.19
21EC305,Anjali Patel,student305@college.edu,Female,EE,SC,9.22,0,0,0,0.4388,0,,0.0
21EE306,Rahul Sharma,student306@college.edu,Male,ME,General,7.77,0,1,2,0.131,0,,0.0
21EC307,Rahul Gupta,student307@college.edu,Male,ECE,OBC,7.88,0,2,0,0.8151,1,Wipro,4.82
21EE308,Rahul Patel,student308@college.edu,Male,CSE,General,7.19,0,0,1,0.9319,1,Cognizant,8.33
21EE309,Rahul Kumar,student309@college.edu,Male,CSE,General,7.33,1,0,3,0.625,1,Cognizant,10.74
21EC310,Karan Nair,student310@college.edu,Male,CSE,OBC,8.46,0,0,2,0.7975,1,Capgemini,8.68
21ME311,Rahul Patel,student311@college.edu,Male,CE,General,7.47,0,0,0,0.8816,1,Infosys,10.91
21CE312,Vikram Reddy,student312@college.edu,Male,EE,General,8.03,0,0,2,0.7536,1,Cognizant,6.46
21ME313,Rahul Patel,student313@college.edu,Male,EE,OBC,7.3,0,0,1,0.6949,1,TCS,11.65
21ME314,Vikram Sharma,student314@college.edu,Male,EE,OBC,7.16,0,0,1,0.9439,1,Cognizant,5.69
21EC315,Vikram Kumar,student315@college.edu,Male,EE,SC,6.09,0,3,2,0.6064,1,Infosys,5.9
21CS316,Karan Gupta,student316@college.edu,Male,EE,General,5.52,1,1,0,0.7144,1,Capgemini,9.02
21CS317,Vikram Nair,student317@college.edu,Male,CSE,General,7.24,0,1,2,0.8993,1,TCS,9.74
21EC318,Pooja Gupta,student318@college.edu,Female,CSE,ST,7.56,0,1,4,0.9102,1,TCS,7.07
21CE319,Arjun Patel,student319@college.edu,Male,ECE,General,6.21,2,1,2,0.9422,1,TCS,3.72
21EC320,Priya Gupta,student320@college.edu,Female,ME,General,7.47,0,3,2,0.5144,0,,0.0
21CS321,Anjali Patel,student321@college.edu,Female,CSE,General,7.55,0,1,2,0.1314,0,,0.0
21EC322,Rahul Nair,student322@college.edu,Male,CE,General,5.34,1,2,3,0.9219,1,Wipro,9.41
21ME323,Karan Reddy,student323@college.edu,Male,ME,SC,6.58,0,0,6,0.7213,1,TCS,8.81
21EC324,Rahul Singh,student324@college.edu,Male,ME,SC,7.91,0,2,1,0.8106,1,Wipro,6.18
21EC325,Pooja Gupta,student325@college.edu,Female,CSE,OBC,7.89,0,1,4,0.7077,1,Cognizant,7.2
21CS326,Kavya Reddy,student326@college.edu,Female,CSE,General,6.35,1,1,1,0.8755,1,TCS,11.52
21EC327,Neha Kumar,student327@college.edu,Female,CSE,General,7.66,0,1,2,0.2577,0,,0.0
21EC328,Aakash Sharma,student328@college.edu,Male,EE,General,8.52,0,0,2,0.8882,1,Capgemini,9.24
21EE329,Arjun Sharma,student329@college.edu,Male,ME,General,8.28,0,1,5,0.6275,1,Infosys,3.92
21EE330,Aakash Sharma,student330@college.edu,Male,CE,General,7.4,0,2,1,0.4604,0,,0.0
21EC331,Anjali Singh,student331@college.edu,Female,CSE,General,7.03,0,2,3,0.7262,1,Cognizant,5.53
21CS332,Rahul Gupta,student332@college.edu,Male,ECE,General,6.87,1,2,0,0.5519,1,Capgemini,7.34
21CS333,Riya Sharma,student333@college.edu,Female,ECE,OBC,7.97,0,0,3,0.8271,1,TCS,4.46
21EC334,Riya Singh,student334@college.edu,Female,CE,OBC,7.7,0,1,1,0.6684,1,Infosys,6.44
21ME335,Karan Gupta,student335@college.edu,Male,CE,General,8.13,0,0,1,0.069,0,,0.0
21ME336,Aakash Sharma,student336@college.edu,Male,CSE,General,7.63,0,1,2,0.578,1,Infosys,7.94
21EC337,Karan Nair,student337@college.edu,Male,EE,SC,8.32,0,0,0,0.6183,1,Infosys,11.76
21EC338,Pooja Reddy,student338@college.edu,Female,CSE,OBC,7.59,0,1,2,0.7991,1,Capgemini,11.27
21EC339,Karan Singh,student339@college.edu,Male,EE,SC,8.28,1,1,0,0.1653,0,,0.0
21ME340,Priya Gupta,student340@college.edu,Female,CSE,General,8.37,0,1,2,0.1057,0,,0.0
21CE341,Arjun Singh,student341@college.edu,Male,CSE,SC,6.7,0,1,1,0.6415,1,Wipro,7.42
21CS342,Riya Kumar,student342@college.edu,Female,CE,General,5.69,1,1,3,0.6359,1,TCS,5.46
21ME343,Anjali Reddy,student343@college.edu,Female,CSE,General,9.04,1,1,3,0.1785,0,,0.0
21CE344,Rohan Gupta,student344@college.edu,Male,ECE,General,7.76,0,1,3,0.6171,1,TCS,6.96
21CE345,Kavya Nair,student345@college.edu,Female,ECE,General,5.79,0,1,2,0.6951,1,TCS,10.86
21ME346,Pooja Kumar,student346@college.edu,Female,CSE,General,6.79,1,0,0,0.2071,0,,0.0
21ME347,Kavya Kumar,student347@college.edu,Female,CE,General,8.27,0,0,3,0.7555,1,Infosys,9.27
21CE348,Arjun Patel,student348@college.edu,Male,EE,SC,7.22,0,2,3,0.7889,1,Cognizant,7.68
21EC349,Rahul Patel,student349@college.edu,Male,EE,General,6.99,0,1,7,0.6504,1,Wipro,6.88
21ME350,Aakash Reddy,student350@college.edu,Male,ECE,General,8.9,0,1,3,0.9231,1,Meta,19.74
21EC351,Karan Gupta,student351@college.edu,Male,ME,General,6.45,0,2,1,0.7156,1,Capgemini,4.88
21ME352,Rahul Reddy,student352@college.edu,Male,CSE,General,6.7,0,1,5,0.6648,1,Capgemini,4.96
21CS353,Vikram Kumar,student353@college.edu,Male,CSE,General,7.71,0,3,2,0.9117,1,Infosys,9.26
21EC354,Rahul Singh,student354@college.edu,Male,CSE,General,7.89,0,0,3,0.8121,1,Wipro,4.86
21CS355,Rahul Patel,student355@college.edu,Male,EE,General,8.0,1,1,2,0.7956,1,TCS,11.17
21EC356,Arjun Gupta,student356@college.edu,Male,EE,SC,8.41,0,2,2,0.4496,0,,0.0
21ME357,Neha Patel,student357@college.edu,Female,CE,ST,7.7,0,0,1,0.4051,0,,0.0
21ME358,Anjali Reddy,student358@college.edu,Female,ECE,General,7.99,0,1,1,0.8851,1,Cognizant,7.64
21EE359,Arjun Kumar,student359@college.edu,Male,ECE,OBC,7.24,0,0,1,0.8211,1,Cognizant,7.71
21CS360,Rohan Gupta,student360@college.edu,Male,ME,SC,7.56,0,0,4,0.694,1,Wipro,3.81
21EE361,Priya Kumar,student361@college.edu,Female,ME,ST,7.61,0,2,2,0.6525,1,Capgemini,7.13
21EC362,Rohan Gupta,student362@college.edu,Male,ECE,OBC,7.72,0,1,2,0.5919,1,Capgemini,6.91
21CE363,Rahul Reddy,student363@college.edu,Male,CSE,SC,8.27,0,3,2,0.9264,1,TCS,11.86
21CE364,Arjun Patel,student364@college.edu,Male,CSE,ST,8.06,0,1,1,0.6068,1,Infosys,11.87
21EE365,Priya Kumar,student365@college.edu,Female,EE,SC,7.54,0,1,2,0.1719,0,,0.0
21CS366,Aakash Kumar,student366@college.edu,Male,ECE,General,6.69,0,1,2,0.4835,0,,0.0
21EE367,Kavya Patel,student367@college.edu,Female,EE,General,7.57,0,1,2,0.1735,0,,0.0
21CS368,Priya Gupta,student368@college.edu,Female,CSE,General,7.47,0,1,2,0.6143,1,Capgemini,9.84
21EE369,Vikram Kumar,student369@college.edu,Male,ME,General,7.69,0,0,2,0.8757,1,Capgemini,9.91
21CE370,Neha Patel,student370@college.edu,Female,CSE,General,9.71,0,1,3,0.7541,1,Amazon,27.23
21ME371,Riya Kumar,student371@college.edu,Female,CSE,General,6.98,0,1,6,0.2776,0,,0.0
21EC372,Karan Nair,student372@college.edu,Male,CSE,OBC,7.92,0,1,2,0.3972,0,,0.0
21CS373,Rohan Nair,student373@college.edu,Male,CSE,OBC,8.57,1,1,1,0.447,0,,0.0
21EE374,Rohan Singh,student374@college.edu,Male,EE,SC,7.6,0,2,3,0.8048,1,Capgemini,5.99
21CE375,Rahul Reddy,student375@college.edu,Male,ECE,General,9.84,0,1,0,0.61,1,Microsoft,25.28
21EE376,Rohan Nair,student376@college.edu,Male,ME,General,7.12,1,1,4,0.76,1,Capgemini,7.64
21CE377,Kavya Gupta,student377@college.edu,Female,ECE,SC,7.82,0,0,3,0.2501,0,,0.0
21EE378,Karan Sharma,student378@college.edu,Male,ECE,SC,6.7,1,1,0,0.862,1,Infosys,4.74
21EE379,Rahul Sharma,student379@college.edu,Male,ME,ST,7.15,1,0,2,0.9098,1,Infosys,5.58
21ME380,Riya Kumar,student380@college.edu,Female,CSE,SC,7.75,0,0,2,0.8856,1,Wipro,6.0
21CE381,Aakash Singh,student381@college.edu,Male,EE,SC,8.35,0,0,1,0.18,0,,0.0
21EC382,Neha Patel,student382@college.edu,Female,CE,General,7.82,0,0,0,0.9112,1,Capgemini,4.88
21CE383,Neha Singh,student383@college.edu,Female,CE,General,8.76,1,1,1,0.7276,1,Wipro,11.68
21CE384,Rohan Kumar,student384@college.edu,Male,ECE,General,7.41,1,1,0,0.7093,1,Capgemini,6.49
21ME385,Rahul Gupta,student385@college.edu,Male,CSE,OBC,7.17,0,0,1,0.9085,1,Wipro,3.75
21CE386,Riya Nair,student386@college.edu,Female,EE,ST,10.0,1,1,2,0.3172,0,,0.0
21EC387,Kavya Kumar,student387@college.edu,Female,ECE,General,7.89,1,3,1,0.9391,1,Capgemini,8.82
21CE388,Priya Nair,student388@college.edu,Female,CSE,OBC,6.78,0,0,1,0.8573,1,Cognizant,7.04
21ME389,Rohan Nair,student389@college.edu,Male,ECE,General,6.81,0,3,2,0.6308,1,Infosys,9.83
21EC390,Riya Patel,student390@college.edu,Female,CE,General,6.56,0,1,0,0.1201,0,,0.0
21EE391,Rahul Reddy,student391@college.edu,Male,ME,General,8.44,0,0,1,0.9289,1,Infosys,11.54
21CS392,Vikram Sharma,student392@college.edu,Male,CE,General,7.14,0,1,2,0.8165,1,Capgemini,4.65
21CE393,Aakash Nair,student393@college.edu,Male,CE,ST,7.63,0,0,0,0.8929,1,Infosys,4.43
21EC394,Neha Patel,student394@college.edu,Female,CSE,General,7.44,0,0,1,0.7745,1,TCS,9.82
21EC395,Karan Reddy,student395@college.edu,Male,EE,SC,8.23,1,1,3,0.9277,1,TCS,11.84
21CS396,Aakash Kumar,student396@college.edu,Male,ECE,OBC,6.65,0,1,2,0.5876,1,Cognizant,10.17
21CS397,Pooja Patel,student397@college.edu,Female,ME,General,6.42,1,1,2,0.2783,0,,0.0
21CS398,Aakash Kumar,student398@college.edu,Male,CSE,General,7.72,0,1,3,0.5722,1,Cognizant,4.88
21EE399,Rahul Sharma,student399@college.edu,Male,EE,SC,8.1,0,0,0,0.4364,0,,0.0
21EE400,Karan Gupta,student400@college.edu,Male,CSE,General,7.83,0,0,1,0.6041,1,TCS,6.29
21ME401,Aakash Gupta,student401@college.edu,Male,CSE,ST,6.69,0,0,1,0.7417,1,Cognizant,6.34
21CS402,Anjali Singh,student402@college.edu,Female,ECE,General,8.18,0,0,3,0.2635,0,,0.0
21EE403,Anjali Reddy,student403@college.edu,Female,CSE,OBC,6.76,0,1,3,0.2552,0,,0.0
21CE404,Rohan Nair,student404@college.edu,Male,CSE,SC,6.98,0,0,2,0.7737,1,TCS,3.92
21ME405,Priya Singh,student405@college.edu,Female,ME,General,6.56,0,1,0,0.9091,1,Capgemini,10.52
21EE406,Anjali Reddy,student406@college.edu,Female,ECE,General,8.8,0,0,2,0.6612,1,Meta,28.85
21ME407,Karan Nair,student407@college.edu,Male,EE,ST,8.13,0,1,1,0.5604,1,Cognizant,10.14
21EC408,Riya Kumar,student408@college.edu,Female,ECE,General,8.1,0,0,1,0.3811,0,,0.0
21CE409,Aakash Sharma,student409@college.edu,Male,CE,General,8.75,1,4,2,0.831,1,Infosys,4.06
21ME410,Riya Nair,student410@college.edu,Female,ECE,General,10.0,0,0,2,0.1612,0,,0.0
21CE411,Anjali Sharma,student411@college.edu,Female,ME,General,5.79,0,0,4,0.4226,0,,0.0
21CE412,Kavya Reddy,student412@college.edu,Female,ME,SC,6.76,0,0,3,0.1801,0,,0.0
21EE413,Arjun Reddy,student413@college.edu,Male,ECE,SC,6.88,0,0,2,0.7852,1,Infosys,10.24
21EC414,Kavya Kumar,student414@college.edu,Female,EE,General,6.65,0,0,4,0.1273,0,,0.0
21CS415,Rahul Patel,student415@college.edu,Male,ECE,SC,6.42,1,1,3,0.8379,1,Capgemini,11.23
21ME416,Rohan Patel,student416@college.edu,Male,CSE,General,7.2,1,0,1,0.8208,1,Wipro,4.49
21CE417,Aakash Kumar,student417@college.edu,Male,ME,General,6.28,0,1,0,0.6946,1,Infosys,6.57
21EE418,Anjali Patel,student418@college.edu,Female,CE,OBC,7.84,0,1,1,0.1075,0,,0.0
21EC419,Rahul Gupta,student419@college.edu,Male,CSE,ST,7.55,0,1,3,0.6464,1,Infosys,9.31
21CE420,Pooja Kumar,student420@college.edu,Female,ECE,General,7.98,2,1,1,0.8556,1,TCS,11.67
21EE421,Riya Reddy,student421@college.edu,Female,EE,General,8.01,0,0,2,0.393,0,,0.0
21EE422,Rohan Patel,student422@college.edu,Male,CE,General,8.1,1,1,2,0.6824,1,Capgemini,6.01
21EE423,Vikram Singh,student423@college.edu,Male,EE,SC,7.13,1,0,1,0.8002,1,Cognizant,3.75
21EE424,Rahul Nair,student424@college.edu,Male,ME,General,9.62,0,1,2,0.6281,1,Wipro,5.65
21CE425,Aakash Gupta,student425@college.edu,Male,ME,General,7.73,0,1,0,0.6555,1,Cognizant,8.55
21EC426,Neha Sharma,student426@college.edu,Female,ECE,OBC,5.64,0,0,3,0.929,1,Infosys,7.5
21ME427,Arjun Patel,student427@college.edu,Male,EE,General,6.5,0,1,5,0.7153,1,Cognizant,8.8
21CE428,Priya Singh,student428@college.edu,Female,ECE,General,5.76,1,1,4,0.2215,0,,0.0
21EC429,Rahul Nair,student429@college.edu,Male,CE,General,7.52,1,0,2,0.7448,1,Infosys,10.54
21CE430,Anjali Singh,student430@college.edu,Female,ECE,General,7.38,0,0,3,0.2012,0,,0.0
21ME431,Anjali Sharma,student431@college.edu,Female,ME,General,7.03,0,4,4,0.8418,1,Infosys,6.41
21CE432,Priya Gupta,student432@college.edu,Female,CE,SC,9.51,0,2,2,0.9348,1,Infosys,9.49
21ME433,Anjali Sharma,student433@college.edu,Female,ECE,OBC,8.05,0,0,4,0.4823,0,,0.0
21CE434,Anjali Patel,student434@college.edu,Female,EE,OBC,8.23,0,1,3,0.3043,0,,0.0
21CS435,Vikram Nair,student435@college.edu,Male,ECE,ST,6.57,0,0,2,0.6959,1,Cognizant,10.52
21CE436,Aakash Reddy,student436@college.edu,Male,ME,General,6.5,0,1,2,0.7759,1,Capgemini,5.28
21EE437,Rohan Sharma,student437@college.edu,Male,ECE,General,7.54,0,1,2,0.6777,1,Infosys,11.15
21EE438,Karan Gupta,student438@college.edu,Male,ECE,ST,7.67,0,1,2,0.5504,1,Wipro,6.83
21EE439,Pooja Patel,student439@college.edu,Female,ECE,General,5.64,0,1,1,0.8964,1,Capgemini,11.87
21EC440,Vikram Sharma,student440@college.edu,Male,CSE,OBC,7.32,1,2,3,0.7218,1,Wipro,4.46
21CS441,Riya Reddy,student441@college.edu,Female,CSE,SC,7.51,1,0,1,0.7468,1,Capgemini,10.73
21CE442,Rahul Gupta,student442@college.edu,Male,ME,General,7.28,0,0,1,0.5834,1,Capgemini,4.78
21CS443,Riya Kumar,student443@college.edu,Female,ME,General,6.69,0,0,0,0.0572,0,,0.0
21EC444,Aakash Nair,student444@college.edu,Male,ME,General,6.96,1,3,0,0.1923,0,,0.0
21CE445,Aakash Patel,student445@college.edu,Male,CSE,General,7.32,0,2,2,0.7142,1,TCS,7.49
21ME446,Priya Nair,student446@college.edu,Female,ECE,General,7.59,0,0,0,0.0787,0,,0.0
21CE447,Kavya Gupta,student447@college.edu,Female,CSE,General,8.1,0,2,4,0.7331,1,Capgemini,10.75
21CE448,Rohan Patel,student448@college.edu,Male,CE,SC,8.58,0,2,2,0.9225,1,Wipro,10.92
21CS449,Rahul Kumar,student449@college.edu,Male,EE,ST,7.21,0,1,0,0.6337,1,Cognizant,4.05
21CE450,Arjun Sharma,student450@college.edu,Male,CSE,SC,7.04,0,1,1,0.8361,1,Capgemini,11.33
21ME451,Rahul Gupta,student451@college.edu,Male,ME,General,7.94,0,2,3,0.9412,1,Capgemini,8.78
21ME452,Priya Kumar,student452@college.edu,Female,CSE,General,8.11,0,1,1,0.7698,1,Capgemini,3.88
21ME453,Riya Patel,student453@college.edu,Female,CSE,General,7.07,0,1,2,0.3724,0,,0.0
21ME454,Aakash Nair,student454@college.edu,Male,CSE,General,8.29,1,0,2,0.7073,1,Capgemini,10.78
21ME455,Vikram Patel,student455@college.edu,Male,CSE,ST,8.48,0,1,1,0.8505,1,TCS,6.16
21EC456,Rahul Kumar,student456@college.edu,Male,ME,General,8.79,0,1,2,0.9135,1,TCS,11.37
21EC457,Riya Sharma,student457@college.edu,Female,EE,General,9.28,0,1,5,0.1098,0,,0.0
21CS458,Rohan Patel,student458@college.edu,Male,CSE,SC,6.63,0,0,3,0.2219,0,,0.0
21EC459,Priya Singh,student459@college.edu,Female,ME,General,7.51,0,1,4,0.154,0,,0.0
21EC460,Vikram Kumar,student460@college.edu,Male,CE,General,7.51,0,2,1,0.7809,1,Wipro,11.93
21ME461,Rohan Patel,student461@college.edu,Male,EE,General,7.4,1,1,1,0.2955,0,,0.0
21EE462,Karan Nair,student462@college.edu,Male,ME,OBC,6.85,1,0,0,0.8339,1,Cognizant,7.55
21CS463,Pooja Patel,student463@college.edu,Female,CSE,SC,6.01,0,0,2,0.2628,0,,0.0
21EC464,Rahul Gupta,student464@college.edu,Male,ME,General,7.59,1,2,1,0.8085,1,TCS,7.65
21CS465,Vikram Singh,student465@college.edu,Male,ECE,ST,6.73,1,0,3,0.6432,1,TCS,4.37
21EE466,Priya Sharma,student466@college.edu,Female,EE,SC,7.59,0,0,0,0.7676,1,Capgemini,8.26
21CE467,Karan Nair,student467@college.edu,Male,ECE,SC,6.71,0,1,2,0.5118,0,,0.0
21EC468,Pooja Gupta,student468@college.edu,Female,ME,General,6.4,1,2,1,0.0879,0,,0.0
21ME469,Arjun Reddy,student469@college.edu,Male,CSE,General,7.73,1,2,0,0.6126,1,Cognizant,6.94
21CE470,Rohan Reddy,student470@college.edu,Male,ECE,SC,7.65,0,1,4,0.601,1,TCS,6.94
21EE471,Rohan Gupta,student471@college.edu,Male,EE,General,8.08,0,3,0,0.7152,1,TCS,10.86
21ME472,Karan Reddy,student472@college.edu,Male,ME,OBC,9.69,0,0,5,0.6002,1,Cognizant,4.2
21EC473,Rohan Nair,student473@college.edu,Male,ECE,SC,7.78,1,2,3,0.9422,1,Capgemini,4.86
21CE474,Aakash Reddy,student474@college.edu,Male,EE,General,7.99,0,1,0,0.7197,1,Wipro,4.36
21CE475,Rahul Gupta,student475@college.edu,Male,EE,SC,6.42,0,2,1,0.7634,1,Infosys,11.44
21CE476,Arjun Reddy,student476@college.edu,Male,ECE,ST,6.21,0,2,0,0.6408,1,TCS,4.31
21CS477,Aakash Reddy,student477@college.edu,Male,ME,OBC,9.08,1,1,4,0.7297,1,Capgemini,10.2
21CE478,Vikram Gupta,student478@college.edu,Male,ECE,General,6.58,0,1,2,0.9439,1,Cognizant,5.58
21CS479,Aakash Reddy,student479@college.edu,Male,ME,SC,6.46,0,1,3,0.7455,1,Infosys,8.34
21EE480,Aakash Gupta,student480@college.edu,Male,ECE,General,7.46,0,3,5,0.5535,1,Wipro,7.46
21EE481,Arjun Kumar,student481@college.edu,Male,CSE,OBC,7.41,0,1,4,0.647,1,TCS,10.67
21ME482,Vikram Nair,student482@college.edu,Male,EE,SC,6.6,1,1,4,0.9414,1,Wipro,6.41
21CE483,Rahul Nair,student483@college.edu,Male,EE,OBC,7.2,0,2,3,0.3969,0,,0.0
21CS484,Vikram Kumar,student484@college.edu,Male,CE,General,8.73,1,1,1,0.6342,1,Cognizant,8.96
21EE485,Arjun Reddy,student485@college.edu,Male,EE,General,6.69,0,1,1,0.3541,0,,0.0
21EC486,Karan Kumar,student486@college.edu,Male,CE,General,6.11,0,1,0,0.5808,1,Capgemini,8.26
21EC487,Aakash Patel,student487@college.edu,Male,CE,General,8.44,1,0,0,0.781,1,Infosys,5.66
21CE488,Vikram Gupta,student488@college.edu,Male,CE,General,7.99,0,0,4,0.6004,1,Cognizant,4.96
21EE489,Rohan Patel,student489@college.edu,Male,ECE,OBC,6.88,0,1,2,0.8775,1,Wipro,11.5
21ME490,Karan Sharma,student490@college.edu,Male,ECE,General,5.92,0,1,3,0.9258,1,Wipro,6.36
21ME491,Priya Nair,student491@college.edu,Female,CSE,SC,6.76,0,1,1,0.6192,1,Cognizant,10.1
21ME492,Arjun Nair,student492@college.edu,Male,ME,ST,7.45,0,1,0,0.7351,1,TCS,9.79
21EC493,Anjali Gupta,student493@college.edu,Female,CSE,General,8.67,1,0,3,0.5908,1,Google,21.95
21ME494,Rohan Patel,student494@college.edu,Male,CSE,OBC,6.46,0,1,4,0.303,0,,0.0
21EE495,Kavya Reddy,student495@college.edu,Female,ME,OBC,7.42,1,1,6,0.2133,0,,0.0
21EC496,Vikram Gupta,student496@college.edu,Male,ECE,General,8.18,0,1,0,0.6558,1,Wipro,9.26
21CE497,Aakash Kumar,student497@college.edu,Male,CSE,General,5.12,0,1,0,0.9461,1,TCS,7.49
21CE498,Arjun Nair,student498@college.edu,Male,CE,SC,8.53,1,1,5,0.4463,0,,0.0
21EE499,Rohan Singh,student499@college.edu,Male,EE,ST,6.32,1,0,3,0.2949,0,,0.0
21CE500,Rohan Patel,student500@college.edu,Male,CSE,OBC,7.83,0,1,4,0.581,1,Capgemini,7.92
21EE501,Riya Patel,student501@college.edu,Female,CSE,ST,7.75,1,2,2,0.2293,0,,0.0
21CE502,Neha Sharma,student502@college.edu,Female,ECE,ST,8.58,0,1,4,0.1327,0,,0.0
21EE503,Priya Singh,student503@college.edu,Female,CE,General,8.05,0,2,1,0.9226,1,Wipro,4.01
21CE504,Karan Sharma,student504@college.edu,Male,CE,OBC,5.12,0,4,4,0.6296,1,Wipro,8.61
21EE505,Arjun Sharma,student505@college.edu,Male,CSE,General,6.72,0,1,1,0.6219,1,TCS,8.8
21EE506,Riya Patel,student506@college.edu,Female,CE,ST,7.64,0,2,2,0.8495,1,Wipro,6.72
21EE507,Vikram Patel,student507@college.edu,Male,CSE,General,7.31,0,0,3,0.8403,1,TCS,8.71
21ME508,Kavya Kumar,student508@college.edu,Female,ECE,General,7.98,0,0,2,0.289,0,,0.0
21CE509,Rahul Sharma,student509@college.edu,Male,EE,SC,8.29,0,1,3,0.5605,1,Infosys,10.54
21EE510,Karan Nair,student510@college.edu,Male,CSE,General,8.11,1,2,1,0.1143,0,,0.0
21EC511,Rahul Patel,student511@college.edu,Male,CSE,SC,7.29,0,0,2,0.0694,0,,0.0
21CS512,Pooja Sharma,student512@college.edu,Female,ECE,General,5.65,0,1,3,0.0677,0,,0.0
21EE513,Aakash Sharma,student513@college.edu,Male,ME,ST,7.04,0,1,3,0.7909,1,Capgemini,7.08
21CE514,Vikram Kumar,student514@college.edu,Male,EE,SC,7.92,0,0,1,0.6684,1,Cognizant,8.42
21ME515,Vikram Patel,student515@college.edu,Male,EE,General,6.41,0,0,4,0.6541,1,Wipro,6.15
21CE516,Vikram Gupta,student516@college.edu,Male,CSE,SC,8.13,0,1,1,0.9286,1,TCS,3.54
21CS517,Rahul Sharma,student517@college.edu,Male,CSE,General,8.41,2,2,3,0.8411,1,TCS,10.61
21ME518,Anjali Nair,student518@college.edu,Female,CE,OBC,7.63,2,0,2,0.052,0,,0.0
21EC519,Rohan Sharma,student519@college.edu,Male,CSE,OBC,4.44,0,0,1,0.9251,1,Infosys,8.86
21EC520,Anjali Singh,student520@college.edu,Female,EE,SC,6.22,0,1,1,0.1475,0,,0.0
21EE521,Anjali Kumar,student521@college.edu,Female,ME,General,9.39,0,1,1,0.0781,0,,0.0
21ME522,Arjun Patel,student522@college.edu,Male,CSE,General,6.95,0,1,2,0.7089,1,Infosys,8.4
21CS523,Rahul Patel,student523@college.edu,Male,CE,OBC,5.52,0,1,2,0.8402,1,TCS,10.58
21EC524,Karan Kumar,student524@college.edu,Male,CSE,OBC,8.74,0,1,3,0.7005,1,Microsoft,27.78
21EC525,Vikram Patel,student525@college.edu,Male,ECE,General,7.51,1,2,0,0.7815,1,Capgemini,10.1
21EE526,Aakash Sharma,student526@college.edu,Male,ME,General,8.6,0,0,1,0.8342,1,TCS,7.81
21EC527,Priya Singh,student527@college.edu,Female,ECE,General,7.78,0,0,1,0.6281,1,Capgemini,9.68
21EC528,Pooja Sharma,student528@college.edu,Female,ME,SC,7.96,0,0,4,0.9277,1,Infosys,9.33
21EC529,Anjali Nair,student529@college.edu,Female,ME,General,7.86,0,0,1,0.6925,1,TCS,11.86
21CS530,Arjun Reddy,student530@college.edu,Male,EE,General,8.2,2,2,2,0.7177,1,Infosys,9.01
21CE531,Pooja Reddy,student531@college.edu,Female,EE,ST,9.78,2,1,1,0.2296,0,,0.0
21ME532,Neha Patel,student532@college.edu,Female,ECE,General,8.47,0,1,1,0.7935,1,Wipro,4.09
21ME533,Vikram Reddy,student533@college.edu,Male,CSE,OBC,5.92,0,2,4,0.726,1,Capgemini,5.87
21EC534,Karan Reddy,student534@college.edu,Male,CE,General,7.95,0,0,0,0.8099,1,TCS,8.86
21CE535,Karan Sharma,student535@college.edu,Male,EE,SC,8.64,0,1,1,0.9111,1,Wipro,7.86
21CS536,Karan Nair,student536@college.edu,Male,ECE,OBC,8.7,0,1,2,0.8701,1,Google,21.68
21EE537,Karan Reddy,student537@college.edu,Male,ECE,SC,7.07,1,2,4,0.8797,1,Capgemini,9.47
21ME538,Aakash Kumar,student538@college.edu,Male,ECE,General,8.66,1,1,1,0.6534,1,Microsoft,28.71
21EC539,Vikram Patel,student539@college.edu,Male,CSE,General,8.43,0,0,2,0.187,0,,0.0
21ME540,Neha Sharma,student540@college.edu,Female,ME,SC,10.0,0,1,2,0.7715,1,Cognizant,10.05
21EE541,Riya Reddy,student541@college.edu,Female,ECE,General,6.75,0,0,1,0.2176,0,,0.0
21CS542,Aakash Kumar,student542@college.edu,Male,CE,General,6.99,0,1,2,0.8579,1,Infosys,4.22
21ME543,Priya Singh,student543@college.edu,Female,CE,General,7.19,0,0,1,0.6794,1,Cognizant,9.43
21ME544,Pooja Sharma,student544@college.edu,Female,CE,ST,7.01,1,0,1,0.0543,0,,0.0
21EE545,Rohan Kumar,student545@college.edu,Male,ECE,OBC,6.61,0,2,4,0.6537,1,TCS,8.38
21ME546,Karan Patel,student546@college.edu,Male,ECE,OBC,4.74,0,0,1,0.6634,1,Cognizant,5.35
21CE547,Rohan Singh,student547@college.edu,Male,CE,OBC,7.07,0,2,0,0.4122,0,,0.0
21CE548,Rohan Reddy,student548@college.edu,Male,CE,General,7.87,0,2,1,0.7919,1,Wipro,4.98
21EE549,Priya Sharma,student549@college.edu,Female,ECE,General,7.01,0,2,3,0.7834,1,Cognizant,6.35
21EC550,Rahul Sharma,student550@college.edu,Male,EE,General,9.44,0,1,2,0.6523,1,TCS,7.45
21CE551,Aakash Sharma,student551@college.edu,Male,CSE,OBC,7.51,0,3,3,0.6326,1,TCS,7.06
21EC552,Arjun Nair,student552@college.edu,Male,EE,General,8.79,0,2,2,0.8805,1,Cognizant,11.39
21EE553,Aakash Singh,student553@college.edu,Male,CSE,SC,7.76,0,0,1,0.5871,1,Wipro,7.57
21EE554,Kavya Reddy,student554@college.edu,Female,CSE,SC,8.33,0,1,2,0.4113,0,,0.0
21EC555,Karan Nair,student555@college.edu,Male,ME,General,7.78,0,0,3,0.7582,1,Capgemini,11.04
21ME556,Karan Reddy,student556@college.edu,Male,CSE,OBC,8.87,0,1,1,0.7797,1,Amazon,29.45
21EE557,Karan Gupta,student557@college.edu,Male,CSE,General,7.56,0,0,3,0.9043,1,Infosys,3.61
21CS558,Aakash Gupta,student558@college.edu,Male,CSE,ST,8.0,0,1,2,0.7996,1,Infosys,8.85
21CE559,Arjun Singh,student559@college.edu,Male,ECE,ST,7.87,0,1,4,0.169,0,,0.0
21EE560,Rahul Reddy,student560@college.edu,Male,CE,ST,7.21,0,1,2,0.8985,1,Wipro,8.2
21EE561,Rohan Nair,student561@college.edu,Male,CSE,General,7.9,0,2,3,0.6359,1,Cognizant,5.3
21CS562,Karan Kumar,student562@college.edu,Male,ME,General,9.73,0,0,4,0.6465,1,TCS,9.19
21CE563,Anjali Singh,student563@college.edu,Female,CE,General,7.23,1,0,5,0.1465,0,,0.0
21CE564,Vikram Singh,student564@college.edu,Male,CSE,General,7.92,1,2,1,0.3478,0,,0.0
21CS565,Rohan Nair,student565@college.edu,Male,CSE,General,8.76,0,1,0,0.7712,1,Amazon,25.91
21CE566,Anjali Sharma,student566@college.edu,Female,EE,General,8.64,0,1,6,0.643,1,Cognizant,10.17
21CE567,Kavya Kumar,student567@college.edu,Female,CE,ST,7.51,1,1,0,0.6389,1,Cognizant,9.18
21EE568,Arjun Patel,student568@college.edu,Male,ME,General,5.12,0,1,1,0.7026,1,TCS,9.13
21CS569,Rohan Kumar,student569@college.edu,Male,CE,General,8.02,1,0,0,0.2607,0,,0.0
21EE570,Rohan Kumar,student570@college.edu,Male,CSE,SC,5.28,0,0,1,0.8253,1,Capgemini,7.96
21ME571,Arjun Gupta,student571@college.edu,Male,ECE,OBC,8.97,0,1,4,0.9404,1,Amazon,27.93
21EC572,Priya Patel,student572@college.edu,Female,CE,SC,7.67,1,2,3,0.3325,0,,0.0
21EC573,Arjun Kumar,student573@college.edu,Male,CSE,OBC,8.5,1,1,0,0.0895,0,,0.0
21CE574,Priya Singh,student574@college.edu,Female,CE,SC,6.6,0,1,2,0.1015,0,,0.0
21EE575,Anjali Singh,student575@college.edu,Female,ECE,OBC,5.95,0,4,1,0.5343,0,,0.0
21EC576,Karan Gupta,student576@college.edu,Male,CE,General,7.76,1,2,0,0.7869,1,Wipro,8.69
21EE577,Neha Gupta,student577@college.edu,Female,ECE,OBC,7.47,0,0,4,0.7659,1,Capgemini,4.58
21CE578,Karan Reddy,student578@college.edu,Male,ECE,General,7.01,0,0,2,0.5802,1,Wipro,9.47
21CS579,Priya Sharma,student579@college.edu,Female,CSE,General,7.58,0,1,4,0.1398,0,,0.0
21ME580,Vikram Gupta,student580@college.edu,Male,CSE,General,10.0,0,3,0,0.8002,1,Meta,22.79
21EE581,Arjun Nair,student581@college.edu,Male,CE,General,8.33,0,1,1,0.7787,1,Capgemini,6.53
21CS582,Karan Sharma,student582@college.edu,Male,CSE,SC,8.55,0,2,3,0.7658,1,Google,31.47
21CS583,Rahul Gupta,student583@college.edu,Male,CSE,General,8.34,0,0,0,0.7068,1,Infosys,10.81
21CS584,Karan Reddy,student584@college.edu,Male,CSE,General,8.98,0,0,0,0.6519,1,Meta,23.62
21ME585,Priya Nair,student585@college.edu,Female,CSE,General,7.31,1,2,0,0.1286,0,,0.0
21CS586,Vikram Reddy,student586@college.edu,Male,CE,SC,5.45,2,0,4,0.7538,1,Wipro,9.76
21EE587,Rahul Kumar,student587@college.edu,Male,ECE,General,7.31,0,1,1,0.5636,1,Capgemini,11.79
21CS588,Karan Patel,student588@college.edu,Male,EE,OBC,8.31,0,4,3,0.7096,1,Wipro,3.97
21CS589,Aakash Singh,student589@college.edu,Male,CSE,SC,6.53,0,1,1,0.9214,1,Wipro,8.33
21EC590,Rahul Nair,student590@college.edu,Male,ME,General,7.32,0,0,1,0.6996,1,TCS,5.23
21CE591,Kavya Nair,student591@college.edu,Female,ECE,SC,6.81,0,1,0,0.3796,0,,0.0
21EE592,Vikram Gupta,student592@college.edu,Male,ECE,General,9.0,0,3,2,0.7996,1,Microsoft,28.94
21EC593,Vikram Gupta,student593@college.edu,Male,EE,General,8.25,0,1,2,0.8707,1,Capgemini,4.67
21ME594,Karan Gupta,student594@college.edu,Male,EE,OBC,8.15,1,0,2,0.8174,1,Infosys,9.35
21CE595,Rohan Sharma,student595@college.edu,Male,EE,ST,8.12,0,1,1,0.4775,0,,0.0
21CE596,Aakash Nair,student596@college.edu,Male,CSE,General,7.46,1,2,0,0.5956,1,Wipro,10.59
21CS597,Riya Kumar,student597@college.edu,Female,CSE,OBC,7.7,0,1,2,0.4222,0,,0.0
21EE598,Vikram Gupta,student598@college.edu,Male,ME,General,6.31,1,0,2,0.9116,1,Infosys,5.25
21EE599,Priya Patel,student599@college.edu,Female,CSE,OBC,5.31,0,1,0,0.3463,0,,0.0
21CE600,Rohan Singh,student600@college.edu,Male,CE,OBC,7.65,0,0,4,0.7999,1,Wipro,8.48
